"Index","TARGET_CLASS","criterion","Size","Length","Fitness","Total_Time","evo_seed","BRANCH_Coverage","LINE_Coverage","sampled","gin_seed","patch","validpatch","success","avgtime","speedup"
"1","locogp.SortHeap","BRANCH","3","12","8.5","36231","54","57","61","False","25","| gin.edit.statement.DeleteStatement ..\examples\locoGP\src\main\java\locogp\SortHeap.java:180 |","true","false","-","-"
"1","locogp.SortHeap","BRANCH","3","12","8.5","36231","54","57","61","False","25","|","true","true","-","-"
"1","locogp.SortHeap","BRANCH","3","12","8.5","36231","54","57","61","False","25","| gin.edit.statement.CopyStatement ..\examples\locoGP\src\main\java\locogp\SortHeap.java:273 -> ..\examples\locoGP\src\main\java\locogp\SortHeap.java:302:303 |","true","false","-","-"
"1","locogp.SortHeap","BRANCH","3","12","8.5","36231","54","57","61","False","25","|","true","true","-","-"
"1","locogp.SortHeap","BRANCH","3","12","8.5","36231","54","57","61","False","25","| gin.edit.statement.CopyStatement ..\examples\locoGP\src\main\java\locogp\SortHeap.java:113 -> ..\examples\locoGP\src\main\java\locogp\SortHeap.java:280:281 |","true","false","-","-"
"1","locogp.SortHeap","BRANCH","3","12","8.5","36231","54","57","61","False","25","|","true","true","-","-"
"1","locogp.SortHeap","BRANCH","3","12","8.5","36231","54","57","61","False","25","| gin.edit.statement.ReplaceStatement ..\examples\locoGP\src\main\java\locogp\SortHeap.java:74 -> ..\examples\locoGP\src\main\java\locogp\SortHeap.java:75 |","true","false","-","-"
"1","locogp.SortHeap","BRANCH","3","12","8.5","36231","54","57","61","False","25","| gin.edit.statement.ReplaceStatement ..\examples\locoGP\src\main\java\locogp\SortHeap.java:74 -> ..\examples\locoGP\src\main\java\locogp\SortHeap.java:75 | gin.edit.statement.SwapStatement ..\examples\locoGP\src\main\java\locogp\SortHeap.java:355 <-> ..\examples\locoGP\src\main\java\locogp\SortHeap.java:195 |","true","false","22852580","3.2042344"
"2","locogp.SortHeap","BRANCH","3","12","8.5","36231","54","57","61","False","44","| gin.edit.statement.ReplaceStatement ..\examples\locoGP\src\main\java\locogp\SortHeap.java:323 -> ..\examples\locoGP\src\main\java\locogp\SortHeap.java:173 |","true","false","-","-"
"2","locogp.SortHeap","BRANCH","3","12","8.5","36231","54","57","61","False","44","|","true","true","-","-"
"2","locogp.SortHeap","BRANCH","3","12","8.5","36231","54","57","61","False","44","| gin.edit.statement.ReplaceStatement ..\examples\locoGP\src\main\java\locogp\SortHeap.java:274 -> ..\examples\locoGP\src\main\java\locogp\SortHeap.java:323 |","true","false","-","-"
"2","locogp.SortHeap","BRANCH","3","12","8.5","36231","54","57","61","False","44","| gin.edit.statement.ReplaceStatement ..\examples\locoGP\src\main\java\locogp\SortHeap.java:274 -> ..\examples\locoGP\src\main\java\locogp\SortHeap.java:323 | gin.edit.statement.ReplaceStatement ..\examples\locoGP\src\main\java\locogp\SortHeap.java:114 -> ..\examples\locoGP\src\main\java\locogp\SortHeap.java:295 |","true","false","-","-"
"2","locogp.SortHeap","BRANCH","3","12","8.5","36231","54","57","61","False","44","| gin.edit.statement.ReplaceStatement ..\examples\locoGP\src\main\java\locogp\SortHeap.java:114 -> ..\examples\locoGP\src\main\java\locogp\SortHeap.java:295 |","true","true","-","-"
"2","locogp.SortHeap","BRANCH","3","12","8.5","36231","54","57","61","False","44","|","true","true","-","-"
"2","locogp.SortHeap","BRANCH","3","12","8.5","36231","54","57","61","False","44","| gin.edit.statement.CopyStatement ..\examples\locoGP\src\main\java\locogp\SortHeap.java:91 -> ..\examples\locoGP\src\main\java\locogp\SortHeap.java:141:141 |","true","false","32251220","-30.801147"
"3","locogp.SortHeap","BRANCH","3","12","8.5","36231","54","57","61","False","56","| gin.edit.statement.CopyStatement ..\examples\locoGP\src\main\java\locogp\SortHeap.java:99 -> ..\examples\locoGP\src\main\java\locogp\SortHeap.java:98:98 |","true","true","-","-"
"3","locogp.SortHeap","BRANCH","3","12","8.5","36231","54","57","61","False","56","|","true","true","-","-"
"3","locogp.SortHeap","BRANCH","3","12","8.5","36231","54","57","61","False","56","| gin.edit.statement.DeleteStatement ..\examples\locoGP\src\main\java\locogp\SortHeap.java:324 |","true","true","9808819","82.57799"
"4","locogp.SortHeap","BRANCH","3","12","8.5","36231","54","57","61","False","84","| gin.edit.statement.DeleteStatement ..\examples\locoGP\src\main\java\locogp\SortHeap.java:311 |","true","false","-","-"
"4","locogp.SortHeap","BRANCH","3","12","8.5","36231","54","57","61","False","84","|","true","true","-","-"
"4","locogp.SortHeap","BRANCH","3","12","8.5","36231","54","57","61","False","84","| gin.edit.statement.DeleteStatement ..\examples\locoGP\src\main\java\locogp\SortHeap.java:355 |","true","true","51738069","-305.01593"
"5","locogp.SortHeap","BRANCH","3","12","8.5","36231","54","57","61","False","14","| gin.edit.statement.ReplaceStatement ..\examples\locoGP\src\main\java\locogp\SortHeap.java:281 -> ..\examples\locoGP\src\main\java\locogp\SortHeap.java:172 |","true","false","-","-"
"5","locogp.SortHeap","BRANCH","3","12","8.5","36231","54","57","61","False","14","| gin.edit.statement.ReplaceStatement ..\examples\locoGP\src\main\java\locogp\SortHeap.java:281 -> ..\examples\locoGP\src\main\java\locogp\SortHeap.java:172 | gin.edit.statement.ReplaceStatement ..\examples\locoGP\src\main\java\locogp\SortHeap.java:221 -> ..\examples\locoGP\src\main\java\locogp\SortHeap.java:355 |","true","false","-","-"
"5","locogp.SortHeap","BRANCH","3","12","8.5","36231","54","57","61","False","14","| gin.edit.statement.ReplaceStatement ..\examples\locoGP\src\main\java\locogp\SortHeap.java:281 -> ..\examples\locoGP\src\main\java\locogp\SortHeap.java:172 |","true","false","9530261","67.13275"
"6","locogp.SortHeap","BRANCH","3","12","8.5","36231","54","57","61","False","91","| gin.edit.statement.ReplaceStatement ..\examples\locoGP\src\main\java\locogp\SortHeap.java:355 -> ..\examples\locoGP\src\main\java\locogp\SortHeap.java:195 |","true","false","-","-"
"6","locogp.SortHeap","BRANCH","3","12","8.5","36231","54","57","61","False","91","|","true","true","-","-"
"6","locogp.SortHeap","BRANCH","3","12","8.5","36231","54","57","61","False","91","| gin.edit.statement.ReplaceStatement ..\examples\locoGP\src\main\java\locogp\SortHeap.java:74 -> ..\examples\locoGP\src\main\java\locogp\SortHeap.java:356 |","true","false","19329860","29.994255"
"7","locogp.SortHeap","BRANCH","3","12","8.5","36231","54","57","61","False","70","| gin.edit.statement.ReplaceStatement ..\examples\locoGP\src\main\java\locogp\SortHeap.java:75 -> ..\examples\locoGP\src\main\java\locogp\SortHeap.java:172 |","true","true","-","-"
"7","locogp.SortHeap","BRANCH","3","12","8.5","36231","54","57","61","False","70","|","true","true","-","-"
"7","locogp.SortHeap","BRANCH","3","12","8.5","36231","54","57","61","False","70","| gin.edit.statement.CopyStatement ..\examples\locoGP\src\main\java\locogp\SortHeap.java:256 -> ..\examples\locoGP\src\main\java\locogp\SortHeap.java:172:172 |","true","true","-","-"
"7","locogp.SortHeap","BRANCH","3","12","8.5","36231","54","57","61","False","70","|","true","true","-","-"
"7","locogp.SortHeap","BRANCH","3","12","8.5","36231","54","57","61","False","70","| gin.edit.statement.SwapStatement ..\examples\locoGP\src\main\java\locogp\SortHeap.java:356 <-> ..\examples\locoGP\src\main\java\locogp\SortHeap.java:323 |","true","false","66635000","-350.93848"
"8","locogp.SortHeap","BRANCH","3","12","8.5","36231","54","57","61","False","73","| gin.edit.statement.ReplaceStatement ..\examples\locoGP\src\main\java\locogp\SortHeap.java:66 -> ..\examples\locoGP\src\main\java\locogp\SortHeap.java:248 |","true","true","-","-"
"8","locogp.SortHeap","BRANCH","3","12","8.5","36231","54","57","61","False","73","| gin.edit.statement.ReplaceStatement ..\examples\locoGP\src\main\java\locogp\SortHeap.java:66 -> ..\examples\locoGP\src\main\java\locogp\SortHeap.java:248 | gin.edit.statement.DeleteStatement ..\examples\locoGP\src\main\java\locogp\SortHeap.java:311 |","true","true","-","-"
"8","locogp.SortHeap","BRANCH","3","12","8.5","36231","54","57","61","False","73","| gin.edit.statement.ReplaceStatement ..\examples\locoGP\src\main\java\locogp\SortHeap.java:66 -> ..\examples\locoGP\src\main\java\locogp\SortHeap.java:248 |","true","true","-","-"
"8","locogp.SortHeap","BRANCH","3","12","8.5","36231","54","57","61","False","73","| gin.edit.statement.ReplaceStatement ..\examples\locoGP\src\main\java\locogp\SortHeap.java:66 -> ..\examples\locoGP\src\main\java\locogp\SortHeap.java:248 | gin.edit.statement.ReplaceStatement ..\examples\locoGP\src\main\java\locogp\SortHeap.java:274 -> ..\examples\locoGP\src\main\java\locogp\SortHeap.java:302 |","true","true","-","-"
"8","locogp.SortHeap","BRANCH","3","12","8.5","36231","54","57","61","False","73","| gin.edit.statement.ReplaceStatement ..\examples\locoGP\src\main\java\locogp\SortHeap.java:66 -> ..\examples\locoGP\src\main\java\locogp\SortHeap.java:248 |","true","true","13653659","59.933502"
"9","locogp.SortHeap","BRANCH","3","12","8.5","36231","54","57","61","False","90","| gin.edit.statement.SwapStatement ..\examples\locoGP\src\main\java\locogp\SortHeap.java:295 <-> ..\examples\locoGP\src\main\java\locogp\SortHeap.java:355 |","true","false","-","-"
"9","locogp.SortHeap","BRANCH","3","12","8.5","36231","54","57","61","False","90","|","true","true","-","-"
"9","locogp.SortHeap","BRANCH","3","12","8.5","36231","54","57","61","False","90","| gin.edit.statement.DeleteStatement ..\examples\locoGP\src\main\java\locogp\SortHeap.java:42 |","true","true","-","-"
"9","locogp.SortHeap","BRANCH","3","12","8.5","36231","54","57","61","False","90","| gin.edit.statement.DeleteStatement ..\examples\locoGP\src\main\java\locogp\SortHeap.java:42 | gin.edit.statement.ReplaceStatement ..\examples\locoGP\src\main\java\locogp\SortHeap.java:324 -> ..\examples\locoGP\src\main\java\locogp\SortHeap.java:66 |","true","false","-","-"
"9","locogp.SortHeap","BRANCH","3","12","8.5","36231","54","57","61","False","90","| gin.edit.statement.ReplaceStatement ..\examples\locoGP\src\main\java\locogp\SortHeap.java:324 -> ..\examples\locoGP\src\main\java\locogp\SortHeap.java:66 |","true","false","-","-"
"9","locogp.SortHeap","BRANCH","3","12","8.5","36231","54","57","61","False","90","|","true","true","-","-"
"9","locogp.SortHeap","BRANCH","3","12","8.5","36231","54","57","61","False","90","| gin.edit.statement.ReplaceStatement ..\examples\locoGP\src\main\java\locogp\SortHeap.java:201 -> ..\examples\locoGP\src\main\java\locogp\SortHeap.java:356 |","true","false","9631540","63.020073"
"10","locogp.SortHeap","BRANCH","3","12","8.5","36231","54","57","61","False","22","| gin.edit.statement.SwapStatement ..\examples\locoGP\src\main\java\locogp\SortHeap.java:302 <-> ..\examples\locoGP\src\main\java\locogp\SortHeap.java:302 |","true","true","-","-"
"10","locogp.SortHeap","BRANCH","3","12","8.5","36231","54","57","61","False","22","| gin.edit.statement.SwapStatement ..\examples\locoGP\src\main\java\locogp\SortHeap.java:302 <-> ..\examples\locoGP\src\main\java\locogp\SortHeap.java:302 | gin.edit.statement.ReplaceStatement ..\examples\locoGP\src\main\java\locogp\SortHeap.java:121 -> ..\examples\locoGP\src\main\java\locogp\SortHeap.java:121 |","true","true","28821659","-2.22183"
"11","locogp.SortHeap","BRANCH","3","12","8.5","36231","54","57","61","False","80","| gin.edit.statement.ReplaceStatement ..\examples\locoGP\src\main\java\locogp\SortHeap.java:98 -> ..\examples\locoGP\src\main\java\locogp\SortHeap.java:141 |","true","false","-","-"
"11","locogp.SortHeap","BRANCH","3","12","8.5","36231","54","57","61","False","80","| gin.edit.statement.ReplaceStatement ..\examples\locoGP\src\main\java\locogp\SortHeap.java:98 -> ..\examples\locoGP\src\main\java\locogp\SortHeap.java:141 | gin.edit.statement.ReplaceStatement ..\examples\locoGP\src\main\java\locogp\SortHeap.java:151 -> ..\examples\locoGP\src\main\java\locogp\SortHeap.java:229 |","true","false","-","-"
"11","locogp.SortHeap","BRANCH","3","12","8.5","36231","54","57","61","False","80","| gin.edit.statement.ReplaceStatement ..\examples\locoGP\src\main\java\locogp\SortHeap.java:98 -> ..\examples\locoGP\src\main\java\locogp\SortHeap.java:141 |","true","false","-","-"
"11","locogp.SortHeap","BRANCH","3","12","8.5","36231","54","57","61","False","80","|","true","true","-","-"
"11","locogp.SortHeap","BRANCH","3","12","8.5","36231","54","57","61","False","80","| gin.edit.statement.SwapStatement ..\examples\locoGP\src\main\java\locogp\SortHeap.java:66 <-> ..\examples\locoGP\src\main\java\locogp\SortHeap.java:18 |","true","true","13885250","85.83588"
"12","locogp.SortHeap","BRANCH","3","12","8.5","36231","54","57","61","False","4","| gin.edit.statement.DeleteStatement ..\examples\locoGP\src\main\java\locogp\SortHeap.java:311 |","true","false","-","-"
"12","locogp.SortHeap","BRANCH","3","12","8.5","36231","54","57","61","False","4","|","true","true","-","-"
"12","locogp.SortHeap","BRANCH","3","12","8.5","36231","54","57","61","False","4","| gin.edit.statement.CopyStatement ..\examples\locoGP\src\main\java\locogp\SortHeap.java:333 -> ..\examples\locoGP\src\main\java\locogp\SortHeap.java:141:141 |","true","false","-","-"
"12","locogp.SortHeap","BRANCH","3","12","8.5","36231","54","57","61","False","4","|","true","true","-","-"
"12","locogp.SortHeap","BRANCH","3","12","8.5","36231","54","57","61","False","4","| gin.edit.statement.ReplaceStatement ..\examples\locoGP\src\main\java\locogp\SortHeap.java:302 -> ..\examples\locoGP\src\main\java\locogp\SortHeap.java:296 |","true","false","-","-"
"12","locogp.SortHeap","BRANCH","3","12","8.5","36231","54","57","61","False","4","| gin.edit.statement.ReplaceStatement ..\examples\locoGP\src\main\java\locogp\SortHeap.java:302 -> ..\examples\locoGP\src\main\java\locogp\SortHeap.java:296 | gin.edit.statement.CopyStatement ..\examples\locoGP\src\main\java\locogp\SortHeap.java:281 -> ..\examples\locoGP\src\main\java\locogp\SortHeap.java:91:92 |","true","false","26834259","19.526304"
"13","locogp.SortHeap","BRANCH","3","12","8.5","36231","54","57","61","False","11","| gin.edit.statement.DeleteStatement ..\examples\locoGP\src\main\java\locogp\SortHeap.java:195 |","true","true","-","-"
"13","locogp.SortHeap","BRANCH","3","12","8.5","36231","54","57","61","False","11","|","false","true","0","0.0"
"14","locogp.SortHeap","BRANCH","3","12","8.5","36231","54","57","61","False","72","| gin.edit.statement.ReplaceStatement ..\examples\locoGP\src\main\java\locogp\SortHeap.java:273 -> ..\examples\locoGP\src\main\java\locogp\SortHeap.java:113 |","true","true","-","-"
"14","locogp.SortHeap","BRANCH","3","12","8.5","36231","54","57","61","False","72","|","true","true","-","-"
"14","locogp.SortHeap","BRANCH","3","12","8.5","36231","54","57","61","False","72","| gin.edit.statement.ReplaceStatement ..\examples\locoGP\src\main\java\locogp\SortHeap.java:267 -> ..\examples\locoGP\src\main\java\locogp\SortHeap.java:129 |","true","false","20199920","-6.3429646"
"15","locogp.SortHeap","BRANCH","3","12","8.5","36231","54","57","61","False","14","| gin.edit.statement.DeleteStatement ..\examples\locoGP\src\main\java\locogp\SortHeap.java:113 |","true","true","-","-"
"15","locogp.SortHeap","BRANCH","3","12","8.5","36231","54","57","61","False","14","| gin.edit.statement.DeleteStatement ..\examples\locoGP\src\main\java\locogp\SortHeap.java:113 | gin.edit.statement.DeleteStatement ..\examples\locoGP\src\main\java\locogp\SortHeap.java:355 |","true","true","-","-"
"15","locogp.SortHeap","BRANCH","3","12","8.5","36231","54","57","61","False","14","| gin.edit.statement.DeleteStatement ..\examples\locoGP\src\main\java\locogp\SortHeap.java:113 |","true","true","-","-"
"15","locogp.SortHeap","BRANCH","3","12","8.5","36231","54","57","61","False","14","| gin.edit.statement.DeleteStatement ..\examples\locoGP\src\main\java\locogp\SortHeap.java:113 | gin.edit.statement.DeleteStatement ..\examples\locoGP\src\main\java\locogp\SortHeap.java:333 |","true","false","79755980","-274.05136"
"16","locogp.SortHeap","BRANCH","3","12","8.5","36231","54","57","61","False","30","| gin.edit.statement.DeleteStatement ..\examples\locoGP\src\main\java\locogp\SortHeap.java:180 |","true","false","-","-"
"16","locogp.SortHeap","BRANCH","3","12","8.5","36231","54","57","61","False","30","|","false","true","0","0.0"
"17","locogp.SortHeap","BRANCH","3","12","8.5","36231","54","57","61","False","90","| gin.edit.statement.SwapStatement ..\examples\locoGP\src\main\java\locogp\SortHeap.java:295 <-> ..\examples\locoGP\src\main\java\locogp\SortHeap.java:355 |","true","false","-","-"
"17","locogp.SortHeap","BRANCH","3","12","8.5","36231","54","57","61","False","90","|","true","true","-","-"
"17","locogp.SortHeap","BRANCH","3","12","8.5","36231","54","57","61","False","90","| gin.edit.statement.CopyStatement ..\examples\locoGP\src\main\java\locogp\SortHeap.java:356 -> ..\examples\locoGP\src\main\java\locogp\SortHeap.java:280:281 |","true","false","-","-"
"17","locogp.SortHeap","BRANCH","3","12","8.5","36231","54","57","61","False","90","|","true","true","-","-"
"17","locogp.SortHeap","BRANCH","3","12","8.5","36231","54","57","61","False","90","| gin.edit.statement.DeleteStatement ..\examples\locoGP\src\main\java\locogp\SortHeap.java:273 |","true","true","18871909","-104.019104"
"18","locogp.SortHeap","BRANCH","3","12","8.5","36231","54","57","61","False","77","| gin.edit.statement.DeleteStatement ..\examples\locoGP\src\main\java\locogp\SortHeap.java:129 |","true","false","-","-"
"18","locogp.SortHeap","BRANCH","3","12","8.5","36231","54","57","61","False","77","|","true","true","-","-"
"18","locogp.SortHeap","BRANCH","3","12","8.5","36231","54","57","61","False","77","| gin.edit.statement.DeleteStatement ..\examples\locoGP\src\main\java\locogp\SortHeap.java:355 |","true","true","10914649","20.15969"
"19","locogp.SortHeap","BRANCH","3","12","8.5","36231","54","57","61","False","52","| gin.edit.statement.DeleteStatement ..\examples\locoGP\src\main\java\locogp\SortHeap.java:323 |","true","true","-","-"
"19","locogp.SortHeap","BRANCH","3","12","8.5","36231","54","57","61","False","52","|","true","true","-","-"
"19","locogp.SortHeap","BRANCH","3","12","8.5","36231","54","57","61","False","52","| gin.edit.statement.DeleteStatement ..\examples\locoGP\src\main\java\locogp\SortHeap.java:42 |","true","true","-","-"
"19","locogp.SortHeap","BRANCH","3","12","8.5","36231","54","57","61","False","52","| gin.edit.statement.DeleteStatement ..\examples\locoGP\src\main\java\locogp\SortHeap.java:42 | gin.edit.statement.DeleteStatement ..\examples\locoGP\src\main\java\locogp\SortHeap.java:195 |","true","true","58963989","-105.9235"
"20","locogp.SortHeap","BRANCH","3","12","8.5","36231","54","57","61","False","38","| gin.edit.statement.SwapStatement ..\examples\locoGP\src\main\java\locogp\SortHeap.java:141 <-> ..\examples\locoGP\src\main\java\locogp\SortHeap.java:323 |","true","true","-","-"
"20","locogp.SortHeap","BRANCH","3","12","8.5","36231","54","57","61","False","38","| gin.edit.statement.SwapStatement ..\examples\locoGP\src\main\java\locogp\SortHeap.java:141 <-> ..\examples\locoGP\src\main\java\locogp\SortHeap.java:323 | gin.edit.statement.DeleteStatement ..\examples\locoGP\src\main\java\locogp\SortHeap.java:142 |","true","true","-","-"
"20","locogp.SortHeap","BRANCH","3","12","8.5","36231","54","57","61","False","38","| gin.edit.statement.SwapStatement ..\examples\locoGP\src\main\java\locogp\SortHeap.java:141 <-> ..\examples\locoGP\src\main\java\locogp\SortHeap.java:323 |","true","true","-","-"
"20","locogp.SortHeap","BRANCH","3","12","8.5","36231","54","57","61","False","38","|","false","true","0","0.0"
"21","locogp.SortHeap","BRANCH","2","12","8.5","36231","54","52","58","True","11","| gin.edit.statement.DeleteStatement ..\examples\locoGP\src\main\java\locogp\SortHeap.java:195 |","true","true","-","-"
"21","locogp.SortHeap","BRANCH","2","12","8.5","36231","54","52","58","True","11","|","true","true","-","-"
"21","locogp.SortHeap","BRANCH","2","12","8.5","36231","54","52","58","True","11","| gin.edit.statement.ReplaceStatement ..\examples\locoGP\src\main\java\locogp\SortHeap.java:354 -> ..\examples\locoGP\src\main\java\locogp\SortHeap.java:281 |","true","false","-","-"
"21","locogp.SortHeap","BRANCH","2","12","8.5","36231","54","52","58","True","11","|","false","true","0","0.0"
"22","locogp.SortHeap","BRANCH","2","12","8.5","36231","54","52","58","True","87","| gin.edit.statement.ReplaceStatement ..\examples\locoGP\src\main\java\locogp\SortHeap.java:120 -> ..\examples\locoGP\src\main\java\locogp\SortHeap.java:267 |","true","false","-","-"
"22","locogp.SortHeap","BRANCH","2","12","8.5","36231","54","52","58","True","87","|","true","true","-","-"
"22","locogp.SortHeap","BRANCH","2","12","8.5","36231","54","52","58","True","87","| gin.edit.statement.SwapStatement ..\examples\locoGP\src\main\java\locogp\SortHeap.java:355 <-> ..\examples\locoGP\src\main\java\locogp\SortHeap.java:355 |","true","true","-","-"
"22","locogp.SortHeap","BRANCH","2","12","8.5","36231","54","52","58","True","87","|","true","true","-","-"
"22","locogp.SortHeap","BRANCH","2","12","8.5","36231","54","52","58","True","87","| gin.edit.statement.DeleteStatement ..\examples\locoGP\src\main\java\locogp\SortHeap.java:354 |","true","true","-","-"
"22","locogp.SortHeap","BRANCH","2","12","8.5","36231","54","52","58","True","87","|","true","true","-","-"
"22","locogp.SortHeap","BRANCH","2","12","8.5","36231","54","52","58","True","87","| gin.edit.statement.SwapStatement ..\examples\locoGP\src\main\java\locogp\SortHeap.java:295 <-> ..\examples\locoGP\src\main\java\locogp\SortHeap.java:98 |","true","false","23554010","-3.0622892"
"23","locogp.SortHeap","BRANCH","2","12","8.5","36231","54","52","58","True","57","| gin.edit.statement.DeleteStatement ..\examples\locoGP\src\main\java\locogp\SortHeap.java:180 |","true","false","-","-"
"23","locogp.SortHeap","BRANCH","2","12","8.5","36231","54","52","58","True","57","|","true","true","-","-"
"23","locogp.SortHeap","BRANCH","2","12","8.5","36231","54","52","58","True","57","| gin.edit.statement.CopyStatement ..\examples\locoGP\src\main\java\locogp\SortHeap.java:121 -> ..\examples\locoGP\src\main\java\locogp\SortHeap.java:141:141 |","true","false","13628589","52.691353"
"24","locogp.SortHeap","BRANCH","2","12","8.5","36231","54","52","58","True","52","| gin.edit.statement.DeleteStatement ..\examples\locoGP\src\main\java\locogp\SortHeap.java:323 |","true","true","-","-"
"24","locogp.SortHeap","BRANCH","2","12","8.5","36231","54","52","58","True","52","|","true","true","-","-"
"24","locogp.SortHeap","BRANCH","2","12","8.5","36231","54","52","58","True","52","| gin.edit.statement.CopyStatement ..\examples\locoGP\src\main\java\locogp\SortHeap.java:75 -> ..\examples\locoGP\src\main\java\locogp\SortHeap.java:91:92 |","true","true","-","-"
"24","locogp.SortHeap","BRANCH","2","12","8.5","36231","54","52","58","True","52","|","true","true","-","-"
"24","locogp.SortHeap","BRANCH","2","12","8.5","36231","54","52","58","True","52","| gin.edit.statement.ReplaceStatement ..\examples\locoGP\src\main\java\locogp\SortHeap.java:113 -> ..\examples\locoGP\src\main\java\locogp\SortHeap.java:354 |","true","true","6084649","66.04972"
"25","locogp.SortHeap","BRANCH","2","12","8.5","36231","54","52","58","True","40","| gin.edit.statement.CopyStatement ..\examples\locoGP\src\main\java\locogp\SortHeap.java:324 -> ..\examples\locoGP\src\main\java\locogp\SortHeap.java:256:257 |","true","true","-","-"
"25","locogp.SortHeap","BRANCH","2","12","8.5","36231","54","52","58","True","40","|","true","true","-","-"
"25","locogp.SortHeap","BRANCH","2","12","8.5","36231","54","52","58","True","40","| gin.edit.statement.DeleteStatement ..\examples\locoGP\src\main\java\locogp\SortHeap.java:42 |","true","true","-","-"
"25","locogp.SortHeap","BRANCH","2","12","8.5","36231","54","52","58","True","40","|","true","true","-","-"
"25","locogp.SortHeap","BRANCH","2","12","8.5","36231","54","52","58","True","40","| gin.edit.statement.ReplaceStatement ..\examples\locoGP\src\main\java\locogp\SortHeap.java:173 -> ..\examples\locoGP\src\main\java\locogp\SortHeap.java:355 |","true","true","10329279","54.792233"
"26","locogp.SortHeap","BRANCH","2","12","8.5","36231","54","52","58","True","32","| gin.edit.statement.ReplaceStatement ..\examples\locoGP\src\main\java\locogp\SortHeap.java:274 -> ..\examples\locoGP\src\main\java\locogp\SortHeap.java:120 |","true","false","-","-"
"26","locogp.SortHeap","BRANCH","2","12","8.5","36231","54","52","58","True","32","|","true","true","-","-"
"26","locogp.SortHeap","BRANCH","2","12","8.5","36231","54","52","58","True","32","| gin.edit.statement.CopyStatement ..\examples\locoGP\src\main\java\locogp\SortHeap.java:74 -> ..\examples\locoGP\src\main\java\locogp\SortHeap.java:113:114 |","true","false","14623980","13.156472"
"27","locogp.SortHeap","BRANCH","2","12","8.5","36231","54","52","58","True","21","| gin.edit.statement.SwapStatement ..\examples\locoGP\src\main\java\locogp\SortHeap.java:172 <-> ..\examples\locoGP\src\main\java\locogp\SortHeap.java:121 |","true","false","-","-"
"27","locogp.SortHeap","BRANCH","2","12","8.5","36231","54","52","58","True","21","|","true","true","-","-"
"27","locogp.SortHeap","BRANCH","2","12","8.5","36231","54","52","58","True","21","| gin.edit.statement.DeleteStatement ..\examples\locoGP\src\main\java\locogp\SortHeap.java:141 |","true","true","-","-"
"27","locogp.SortHeap","BRANCH","2","12","8.5","36231","54","52","58","True","21","|","true","true","-","-"
"27","locogp.SortHeap","BRANCH","2","12","8.5","36231","54","52","58","True","21","| gin.edit.statement.CopyStatement ..\examples\locoGP\src\main\java\locogp\SortHeap.java:99 -> ..\examples\locoGP\src\main\java\locogp\SortHeap.java:98:99 |","true","true","-","-"
"27","locogp.SortHeap","BRANCH","2","12","8.5","36231","54","52","58","True","21","|","false","true","0","0.0"
"28","locogp.SortHeap","BRANCH","2","12","8.5","36231","54","52","58","True","27","| gin.edit.statement.DeleteStatement ..\examples\locoGP\src\main\java\locogp\SortHeap.java:163 |","true","false","-","-"
"28","locogp.SortHeap","BRANCH","2","12","8.5","36231","54","52","58","True","27","|","true","true","-","-"
"28","locogp.SortHeap","BRANCH","2","12","8.5","36231","54","52","58","True","27","| gin.edit.statement.SwapStatement ..\examples\locoGP\src\main\java\locogp\SortHeap.java:296 <-> ..\examples\locoGP\src\main\java\locogp\SortHeap.java:114 |","true","true","-","-"
"28","locogp.SortHeap","BRANCH","2","12","8.5","36231","54","52","58","True","27","|","false","true","0","0.0"
"29","locogp.SortHeap","BRANCH","2","12","8.5","36231","54","52","58","True","85","| gin.edit.statement.DeleteStatement ..\examples\locoGP\src\main\java\locogp\SortHeap.java:24 |","true","false","-","-"
"29","locogp.SortHeap","BRANCH","2","12","8.5","36231","54","52","58","True","85","|","true","true","-","-"
"29","locogp.SortHeap","BRANCH","2","12","8.5","36231","54","52","58","True","85","| gin.edit.statement.SwapStatement ..\examples\locoGP\src\main\java\locogp\SortHeap.java:163 <-> ..\examples\locoGP\src\main\java\locogp\SortHeap.java:18 |","true","true","-","-"
"29","locogp.SortHeap","BRANCH","2","12","8.5","36231","54","52","58","True","85","|","false","true","0","0.0"
"30","locogp.SortHeap","BRANCH","2","12","8.5","36231","54","52","58","True","66","| gin.edit.statement.SwapStatement ..\examples\locoGP\src\main\java\locogp\SortHeap.java:180 <-> ..\examples\locoGP\src\main\java\locogp\SortHeap.java:229 |","true","false","-","-"
"30","locogp.SortHeap","BRANCH","2","12","8.5","36231","54","52","58","True","66","| gin.edit.statement.SwapStatement ..\examples\locoGP\src\main\java\locogp\SortHeap.java:180 <-> ..\examples\locoGP\src\main\java\locogp\SortHeap.java:229 | gin.edit.statement.SwapStatement ..\examples\locoGP\src\main\java\locogp\SortHeap.java:356 <-> ..\examples\locoGP\src\main\java\locogp\SortHeap.java:99 |","true","false","-","-"
"30","locogp.SortHeap","BRANCH","2","12","8.5","36231","54","52","58","True","66","| gin.edit.statement.SwapStatement ..\examples\locoGP\src\main\java\locogp\SortHeap.java:180 <-> ..\examples\locoGP\src\main\java\locogp\SortHeap.java:229 | gin.edit.statement.SwapStatement ..\examples\locoGP\src\main\java\locogp\SortHeap.java:356 <-> ..\examples\locoGP\src\main\java\locogp\SortHeap.java:99 | gin.edit.statement.ReplaceStatement ..\examples\locoGP\src\main\java\locogp\SortHeap.java:221 -> ..\examples\locoGP\src\main\java\locogp\SortHeap.java:356 |","true","false","9036030","13.601087"
"31","locogp.SortHeap","BRANCH","2","12","8.5","36231","54","52","58","True","34","| gin.edit.statement.CopyStatement ..\examples\locoGP\src\main\java\locogp\SortHeap.java:120 -> ..\examples\locoGP\src\main\java\locogp\SortHeap.java:256:356 |","true","true","-","-"
"31","locogp.SortHeap","BRANCH","2","12","8.5","36231","54","52","58","True","34","|","true","true","-","-"
"31","locogp.SortHeap","BRANCH","2","12","8.5","36231","54","52","58","True","34","| gin.edit.statement.ReplaceStatement ..\examples\locoGP\src\main\java\locogp\SortHeap.java:296 -> ..\examples\locoGP\src\main\java\locogp\SortHeap.java:99 |","true","false","-","-"
"31","locogp.SortHeap","BRANCH","2","12","8.5","36231","54","52","58","True","34","| gin.edit.statement.ReplaceStatement ..\examples\locoGP\src\main\java\locogp\SortHeap.java:296 -> ..\examples\locoGP\src\main\java\locogp\SortHeap.java:99 | gin.edit.statement.DeleteStatement ..\examples\locoGP\src\main\java\locogp\SortHeap.java:356 |","true","false","13735459","26.859055"
"32","locogp.SortHeap","BRANCH","2","12","8.5","36231","54","52","58","True","1","| gin.edit.statement.SwapStatement ..\examples\locoGP\src\main\java\locogp\SortHeap.java:356 <-> ..\examples\locoGP\src\main\java\locogp\SortHeap.java:173 |","true","false","-","-"
"32","locogp.SortHeap","BRANCH","2","12","8.5","36231","54","52","58","True","1","|","true","true","-","-"
"32","locogp.SortHeap","BRANCH","2","12","8.5","36231","54","52","58","True","1","| gin.edit.statement.DeleteStatement ..\examples\locoGP\src\main\java\locogp\SortHeap.java:24 |","true","false","-","-"
"32","locogp.SortHeap","BRANCH","2","12","8.5","36231","54","52","58","True","1","|","true","true","-","-"
"32","locogp.SortHeap","BRANCH","2","12","8.5","36231","54","52","58","True","1","| gin.edit.statement.SwapStatement ..\examples\locoGP\src\main\java\locogp\SortHeap.java:355 <-> ..\examples\locoGP\src\main\java\locogp\SortHeap.java:113 |","true","false","-","-"
"32","locogp.SortHeap","BRANCH","2","12","8.5","36231","54","52","58","True","1","|","false","true","0","0.0"
"33","locogp.SortHeap","BRANCH","2","12","8.5","36231","54","52","58","True","69","| gin.edit.statement.CopyStatement ..\examples\locoGP\src\main\java\locogp\SortHeap.java:201 -> ..\examples\locoGP\src\main\java\locogp\SortHeap.java:256:356 |","true","true","-","-"
"33","locogp.SortHeap","BRANCH","2","12","8.5","36231","54","52","58","True","69","|","true","true","-","-"
"33","locogp.SortHeap","BRANCH","2","12","8.5","36231","54","52","58","True","69","| gin.edit.statement.DeleteStatement ..\examples\locoGP\src\main\java\locogp\SortHeap.java:221 |","true","false","-","-"
"33","locogp.SortHeap","BRANCH","2","12","8.5","36231","54","52","58","True","69","|","false","true","0","0.0"
"34","locogp.SortHeap","BRANCH","2","12","8.5","36231","54","52","58","True","35","| gin.edit.statement.ReplaceStatement ..\examples\locoGP\src\main\java\locogp\SortHeap.java:99 -> ..\examples\locoGP\src\main\java\locogp\SortHeap.java:295 |","true","true","-","-"
"34","locogp.SortHeap","BRANCH","2","12","8.5","36231","54","52","58","True","35","| gin.edit.statement.ReplaceStatement ..\examples\locoGP\src\main\java\locogp\SortHeap.java:99 -> ..\examples\locoGP\src\main\java\locogp\SortHeap.java:295 | gin.edit.statement.DeleteStatement ..\examples\locoGP\src\main\java\locogp\SortHeap.java:345 |","true","false","-","-"
"34","locogp.SortHeap","BRANCH","2","12","8.5","36231","54","52","58","True","35","| gin.edit.statement.ReplaceStatement ..\examples\locoGP\src\main\java\locogp\SortHeap.java:99 -> ..\examples\locoGP\src\main\java\locogp\SortHeap.java:295 | gin.edit.statement.DeleteStatement ..\examples\locoGP\src\main\java\locogp\SortHeap.java:345 | gin.edit.statement.DeleteStatement ..\examples\locoGP\src\main\java\locogp\SortHeap.java:173 |","true","false","-","-"
"34","locogp.SortHeap","BRANCH","2","12","8.5","36231","54","52","58","True","35","| gin.edit.statement.ReplaceStatement ..\examples\locoGP\src\main\java\locogp\SortHeap.java:99 -> ..\examples\locoGP\src\main\java\locogp\SortHeap.java:295 | gin.edit.statement.DeleteStatement ..\examples\locoGP\src\main\java\locogp\SortHeap.java:345 | gin.edit.statement.DeleteStatement ..\examples\locoGP\src\main\java\locogp\SortHeap.java:173 | gin.edit.statement.ReplaceStatement ..\examples\locoGP\src\main\java\locogp\SortHeap.java:345 -> ..\examples\locoGP\src\main\java\locogp\SortHeap.java:323 |","true","false","17731199","-52.30111"
"35","locogp.SortHeap","BRANCH","2","12","8.5","36231","54","52","58","True","57","| gin.edit.statement.DeleteStatement ..\examples\locoGP\src\main\java\locogp\SortHeap.java:180 |","true","false","-","-"
"35","locogp.SortHeap","BRANCH","2","12","8.5","36231","54","52","58","True","57","| gin.edit.statement.DeleteStatement ..\examples\locoGP\src\main\java\locogp\SortHeap.java:180 | gin.edit.statement.DeleteStatement ..\examples\locoGP\src\main\java\locogp\SortHeap.java:303 |","true","false","-","-"
"35","locogp.SortHeap","BRANCH","2","12","8.5","36231","54","52","58","True","57","| gin.edit.statement.DeleteStatement ..\examples\locoGP\src\main\java\locogp\SortHeap.java:180 | gin.edit.statement.DeleteStatement ..\examples\locoGP\src\main\java\locogp\SortHeap.java:303 | gin.edit.statement.DeleteStatement ..\examples\locoGP\src\main\java\locogp\SortHeap.java:323 |","true","false","-","-"
"35","locogp.SortHeap","BRANCH","2","12","8.5","36231","54","52","58","True","57","| gin.edit.statement.DeleteStatement ..\examples\locoGP\src\main\java\locogp\SortHeap.java:180 | gin.edit.statement.DeleteStatement ..\examples\locoGP\src\main\java\locogp\SortHeap.java:303 |","true","false","-","-"
"35","locogp.SortHeap","BRANCH","2","12","8.5","36231","54","52","58","True","57","| gin.edit.statement.DeleteStatement ..\examples\locoGP\src\main\java\locogp\SortHeap.java:180 |","true","false","-","-"
"35","locogp.SortHeap","BRANCH","2","12","8.5","36231","54","52","58","True","57","|","false","true","0","0.0"
"36","locogp.SortHeap","BRANCH","2","12","8.5","36231","54","52","58","True","62","| gin.edit.statement.DeleteStatement ..\examples\locoGP\src\main\java\locogp\SortHeap.java:141 |","true","true","-","-"
"36","locogp.SortHeap","BRANCH","2","12","8.5","36231","54","52","58","True","62","|","false","true","0","0.0"
"37","locogp.SortHeap","BRANCH","2","12","8.5","36231","54","52","58","True","0","| gin.edit.statement.CopyStatement ..\examples\locoGP\src\main\java\locogp\SortHeap.java:354 -> ..\examples\locoGP\src\main\java\locogp\SortHeap.java:91:92 |","true","true","-","-"
"37","locogp.SortHeap","BRANCH","2","12","8.5","36231","54","52","58","True","0","|","true","true","-","-"
"37","locogp.SortHeap","BRANCH","2","12","8.5","36231","54","52","58","True","0","| gin.edit.statement.CopyStatement ..\examples\locoGP\src\main\java\locogp\SortHeap.java:120 -> ..\examples\locoGP\src\main\java\locogp\SortHeap.java:273:274 |","true","false","-","-"
"37","locogp.SortHeap","BRANCH","2","12","8.5","36231","54","52","58","True","0","|","true","true","-","-"
"37","locogp.SortHeap","BRANCH","2","12","8.5","36231","54","52","58","True","0","| gin.edit.statement.ReplaceStatement ..\examples\locoGP\src\main\java\locogp\SortHeap.java:324 -> ..\examples\locoGP\src\main\java\locogp\SortHeap.java:141 |","true","false","6763719","18.013231"
"38","locogp.SortHeap","BRANCH","2","12","8.5","36231","54","52","58","True","38","| gin.edit.statement.SwapStatement ..\examples\locoGP\src\main\java\locogp\SortHeap.java:141 <-> ..\examples\locoGP\src\main\java\locogp\SortHeap.java:323 |","true","true","7250879","-6.64486"
"39","locogp.SortHeap","BRANCH","2","12","8.5","36231","54","52","58","True","52","| gin.edit.statement.CopyStatement ..\examples\locoGP\src\main\java\locogp\SortHeap.java:99 -> ..\examples\locoGP\src\main\java\locogp\SortHeap.java:323:333 |","true","false","-","-"
"39","locogp.SortHeap","BRANCH","2","12","8.5","36231","54","52","58","True","52","| gin.edit.statement.CopyStatement ..\examples\locoGP\src\main\java\locogp\SortHeap.java:99 -> ..\examples\locoGP\src\main\java\locogp\SortHeap.java:323:333 | gin.edit.statement.DeleteStatement ..\examples\locoGP\src\main\java\locogp\SortHeap.java:295 |","true","false","10488800","-30.110428"
"40","locogp.SortHeap","BRANCH","2","12","8.5","36231","54","52","58","True","75","| gin.edit.statement.DeleteStatement ..\examples\locoGP\src\main\java\locogp\SortHeap.java:173 |","true","true","-","-"
"40","locogp.SortHeap","BRANCH","2","12","8.5","36231","54","52","58","True","75","|","true","true","-","-"
"40","locogp.SortHeap","BRANCH","2","12","8.5","36231","54","52","58","True","75","| gin.edit.statement.CopyStatement ..\examples\locoGP\src\main\java\locogp\SortHeap.java:113 -> ..\examples\locoGP\src\main\java\locogp\SortHeap.java:91:92 |","true","true","9660799","22.873228"
"41","locogp.SortHeap","BRANCH","1","12","8.5","36231","54","48","55","True","20","| gin.edit.statement.ReplaceStatement ..\examples\locoGP\src\main\java\locogp\SortHeap.java:303 -> ..\examples\locoGP\src\main\java\locogp\SortHeap.java:113 |","true","false","-","-"
"41","locogp.SortHeap","BRANCH","1","12","8.5","36231","54","48","55","True","20","| gin.edit.statement.ReplaceStatement ..\examples\locoGP\src\main\java\locogp\SortHeap.java:303 -> ..\examples\locoGP\src\main\java\locogp\SortHeap.java:113 | gin.edit.statement.ReplaceStatement ..\examples\locoGP\src\main\java\locogp\SortHeap.java:129 -> ..\examples\locoGP\src\main\java\locogp\SortHeap.java:173 |","true","false","-","-"
"41","locogp.SortHeap","BRANCH","1","12","8.5","36231","54","48","55","True","20","| gin.edit.statement.ReplaceStatement ..\examples\locoGP\src\main\java\locogp\SortHeap.java:129 -> ..\examples\locoGP\src\main\java\locogp\SortHeap.java:173 |","true","true","-","-"
"41","locogp.SortHeap","BRANCH","1","12","8.5","36231","54","48","55","True","20","|","true","true","-","-"
"41","locogp.SortHeap","BRANCH","1","12","8.5","36231","54","48","55","True","20","| gin.edit.statement.DeleteStatement ..\examples\locoGP\src\main\java\locogp\SortHeap.java:172 |","true","true","5601151","43.621468"
"42","locogp.SortHeap","BRANCH","1","12","8.5","36231","54","48","55","True","3","| gin.edit.statement.CopyStatement ..\examples\locoGP\src\main\java\locogp\SortHeap.java:174 -> ..\examples\locoGP\src\main\java\locogp\SortHeap.java:141:142 |","true","false","22882230","36.946793"
"43","locogp.SortHeap","BRANCH","1","12","8.5","36231","54","48","55","True","11","| gin.edit.statement.DeleteStatement ..\examples\locoGP\src\main\java\locogp\SortHeap.java:195 |","true","true","-","-"
"43","locogp.SortHeap","BRANCH","1","12","8.5","36231","54","48","55","True","11","| gin.edit.statement.DeleteStatement ..\examples\locoGP\src\main\java\locogp\SortHeap.java:195 | gin.edit.statement.CopyStatement ..\examples\locoGP\src\main\java\locogp\SortHeap.java:267 -> ..\examples\locoGP\src\main\java\locogp\SortHeap.java:256:257 |","true","true","-","-"
"43","locogp.SortHeap","BRANCH","1","12","8.5","36231","54","48","55","True","11","| gin.edit.statement.DeleteStatement ..\examples\locoGP\src\main\java\locogp\SortHeap.java:195 | gin.edit.statement.CopyStatement ..\examples\locoGP\src\main\java\locogp\SortHeap.java:267 -> ..\examples\locoGP\src\main\java\locogp\SortHeap.java:256:257 | gin.edit.statement.CopyStatement ..\examples\locoGP\src\main\java\locogp\SortHeap.java:248 -> ..\examples\locoGP\src\main\java\locogp\SortHeap.java:172:172 |","true","true","-","-"
"43","locogp.SortHeap","BRANCH","1","12","8.5","36231","54","48","55","True","11","| gin.edit.statement.DeleteStatement ..\examples\locoGP\src\main\java\locogp\SortHeap.java:195 | gin.edit.statement.CopyStatement ..\examples\locoGP\src\main\java\locogp\SortHeap.java:267 -> ..\examples\locoGP\src\main\java\locogp\SortHeap.java:256:257 |","true","true","-","-"
"43","locogp.SortHeap","BRANCH","1","12","8.5","36231","54","48","55","True","11","| gin.edit.statement.DeleteStatement ..\examples\locoGP\src\main\java\locogp\SortHeap.java:195 |","true","true","-","-"
"43","locogp.SortHeap","BRANCH","1","12","8.5","36231","54","48","55","True","11","|","false","true","0","0.0"
"44","locogp.SortHeap","BRANCH","1","12","8.5","36231","54","48","55","True","49","|","false","true","0","0.0"
"45","locogp.SortHeap","BRANCH","1","12","8.5","36231","54","48","55","True","2","| gin.edit.statement.CopyStatement ..\examples\locoGP\src\main\java\locogp\SortHeap.java:113 -> ..\examples\locoGP\src\main\java\locogp\SortHeap.java:354:354 |","true","true","-","-"
"45","locogp.SortHeap","BRANCH","1","12","8.5","36231","54","48","55","True","2","|","true","true","-","-"
"45","locogp.SortHeap","BRANCH","1","12","8.5","36231","54","48","55","True","2","| gin.edit.statement.DeleteStatement ..\examples\locoGP\src\main\java\locogp\SortHeap.java:210 |","true","false","-","-"
"45","locogp.SortHeap","BRANCH","1","12","8.5","36231","54","48","55","True","2","|","true","true","-","-"
"45","locogp.SortHeap","BRANCH","1","12","8.5","36231","54","48","55","True","2","| gin.edit.statement.DeleteStatement ..\examples\locoGP\src\main\java\locogp\SortHeap.java:172 |","true","true","-","-"
"45","locogp.SortHeap","BRANCH","1","12","8.5","36231","54","48","55","True","2","|","false","true","0","0.0"
"46","locogp.SortHeap","BRANCH","1","12","8.5","36231","54","48","55","True","43","| gin.edit.statement.CopyStatement ..\examples\locoGP\src\main\java\locogp\SortHeap.java:173 -> ..\examples\locoGP\src\main\java\locogp\SortHeap.java:120:121 |","true","false","-","-"
"46","locogp.SortHeap","BRANCH","1","12","8.5","36231","54","48","55","True","43","|","true","true","-","-"
"46","locogp.SortHeap","BRANCH","1","12","8.5","36231","54","48","55","True","43","| gin.edit.statement.DeleteStatement ..\examples\locoGP\src\main\java\locogp\SortHeap.java:74 |","true","true","12777449","29.753626"
"47","locogp.SortHeap","BRANCH","1","12","8.5","36231","54","48","55","True","51","| gin.edit.statement.SwapStatement ..\examples\locoGP\src\main\java\locogp\SortHeap.java:302 <-> ..\examples\locoGP\src\main\java\locogp\SortHeap.java:274 |","true","false","-","-"
"47","locogp.SortHeap","BRANCH","1","12","8.5","36231","54","48","55","True","51","|","true","true","-","-"
"47","locogp.SortHeap","BRANCH","1","12","8.5","36231","54","48","55","True","51","| gin.edit.statement.ReplaceStatement ..\examples\locoGP\src\main\java\locogp\SortHeap.java:74 -> ..\examples\locoGP\src\main\java\locogp\SortHeap.java:302 |","true","false","-","-"
"47","locogp.SortHeap","BRANCH","1","12","8.5","36231","54","48","55","True","51","| gin.edit.statement.ReplaceStatement ..\examples\locoGP\src\main\java\locogp\SortHeap.java:74 -> ..\examples\locoGP\src\main\java\locogp\SortHeap.java:302 | gin.edit.statement.CopyStatement ..\examples\locoGP\src\main\java\locogp\SortHeap.java:172 -> ..\examples\locoGP\src\main\java\locogp\SortHeap.java:295:296 |","true","false","-","-"
"47","locogp.SortHeap","BRANCH","1","12","8.5","36231","54","48","55","True","51","| gin.edit.statement.ReplaceStatement ..\examples\locoGP\src\main\java\locogp\SortHeap.java:74 -> ..\examples\locoGP\src\main\java\locogp\SortHeap.java:302 | gin.edit.statement.CopyStatement ..\examples\locoGP\src\main\java\locogp\SortHeap.java:172 -> ..\examples\locoGP\src\main\java\locogp\SortHeap.java:295:296 | gin.edit.statement.SwapStatement ..\examples\locoGP\src\main\java\locogp\SortHeap.java:91 <-> ..\examples\locoGP\src\main\java\locogp\SortHeap.java:114 |","true","false","-","-"
"47","locogp.SortHeap","BRANCH","1","12","8.5","36231","54","48","55","True","51","| gin.edit.statement.ReplaceStatement ..\examples\locoGP\src\main\java\locogp\SortHeap.java:74 -> ..\examples\locoGP\src\main\java\locogp\SortHeap.java:302 | gin.edit.statement.SwapStatement ..\examples\locoGP\src\main\java\locogp\SortHeap.java:91 <-> ..\examples\locoGP\src\main\java\locogp\SortHeap.java:114 |","true","false","24696640","31.392788"
"48","locogp.SortHeap","BRANCH","1","12","8.5","36231","54","48","55","True","18","| gin.edit.statement.SwapStatement ..\examples\locoGP\src\main\java\locogp\SortHeap.java:345 <-> ..\examples\locoGP\src\main\java\locogp\SortHeap.java:311 |","true","false","-","-"
"48","locogp.SortHeap","BRANCH","1","12","8.5","36231","54","48","55","True","18","| gin.edit.statement.SwapStatement ..\examples\locoGP\src\main\java\locogp\SortHeap.java:345 <-> ..\examples\locoGP\src\main\java\locogp\SortHeap.java:311 | gin.edit.statement.ReplaceStatement ..\examples\locoGP\src\main\java\locogp\SortHeap.java:362 -> ..\examples\locoGP\src\main\java\locogp\SortHeap.java:174 |","true","false","-","-"
"48","locogp.SortHeap","BRANCH","1","12","8.5","36231","54","48","55","True","18","| gin.edit.statement.ReplaceStatement ..\examples\locoGP\src\main\java\locogp\SortHeap.java:362 -> ..\examples\locoGP\src\main\java\locogp\SortHeap.java:174 |","true","false","-","-"
"48","locogp.SortHeap","BRANCH","1","12","8.5","36231","54","48","55","True","18","| gin.edit.statement.ReplaceStatement ..\examples\locoGP\src\main\java\locogp\SortHeap.java:362 -> ..\examples\locoGP\src\main\java\locogp\SortHeap.java:174 | gin.edit.statement.SwapStatement ..\examples\locoGP\src\main\java\locogp\SortHeap.java:142 <-> ..\examples\locoGP\src\main\java\locogp\SortHeap.java:18 |","true","false","-","-"
"48","locogp.SortHeap","BRANCH","1","12","8.5","36231","54","48","55","True","18","| gin.edit.statement.ReplaceStatement ..\examples\locoGP\src\main\java\locogp\SortHeap.java:362 -> ..\examples\locoGP\src\main\java\locogp\SortHeap.java:174 | gin.edit.statement.SwapStatement ..\examples\locoGP\src\main\java\locogp\SortHeap.java:142 <-> ..\examples\locoGP\src\main\java\locogp\SortHeap.java:18 | gin.edit.statement.CopyStatement ..\examples\locoGP\src\main\java\locogp\SortHeap.java:85 -> ..\examples\locoGP\src\main\java\locogp\SortHeap.java:280:281 |","true","false","28784540","-16.626923"
"49","locogp.SortHeap","BRANCH","1","12","8.5","36231","54","48","55","True","54","|","false","true","0","0.0"
"50","locogp.SortHeap","BRANCH","1","12","8.5","36231","54","48","55","True","6","| gin.edit.statement.CopyStatement ..\examples\locoGP\src\main\java\locogp\SortHeap.java:248 -> ..\examples\locoGP\src\main\java\locogp\SortHeap.java:280:281 |","true","true","-","-"
"50","locogp.SortHeap","BRANCH","1","12","8.5","36231","54","48","55","True","6","| gin.edit.statement.CopyStatement ..\examples\locoGP\src\main\java\locogp\SortHeap.java:248 -> ..\examples\locoGP\src\main\java\locogp\SortHeap.java:280:281 | gin.edit.statement.CopyStatement ..\examples\locoGP\src\main\java\locogp\SortHeap.java:210 -> ..\examples\locoGP\src\main\java\locogp\SortHeap.java:195:221 |","true","false","10775170","-7.056477"
"51","locogp.SortHeap","BRANCH","1","12","8.5","36231","54","48","55","True","40","| gin.edit.statement.CopyStatement ..\examples\locoGP\src\main\java\locogp\SortHeap.java:324 -> ..\examples\locoGP\src\main\java\locogp\SortHeap.java:256:257 |","true","true","-","-"
"51","locogp.SortHeap","BRANCH","1","12","8.5","36231","54","48","55","True","40","| gin.edit.statement.CopyStatement ..\examples\locoGP\src\main\java\locogp\SortHeap.java:324 -> ..\examples\locoGP\src\main\java\locogp\SortHeap.java:256:257 | gin.edit.statement.CopyStatement ..\examples\locoGP\src\main\java\locogp\SortHeap.java:303 -> ..\examples\locoGP\src\main\java\locogp\SortHeap.java:354:354 |","true","true","10195650","22.51014"
"52","locogp.SortHeap","BRANCH","1","12","8.5","36231","54","48","55","True","27","| gin.edit.statement.CopyStatement ..\examples\locoGP\src\main\java\locogp\SortHeap.java:302 -> ..\examples\locoGP\src\main\java\locogp\SortHeap.java:280:281 |","true","false","-","-"
"52","locogp.SortHeap","BRANCH","1","12","8.5","36231","54","48","55","True","27","|","true","true","-","-"
"52","locogp.SortHeap","BRANCH","1","12","8.5","36231","54","48","55","True","27","| gin.edit.statement.SwapStatement ..\examples\locoGP\src\main\java\locogp\SortHeap.java:296 <-> ..\examples\locoGP\src\main\java\locogp\SortHeap.java:114 |","true","true","17517830","92.30209"
"53","locogp.SortHeap","BRANCH","1","12","8.5","36231","54","48","55","True","35","| gin.edit.statement.ReplaceStatement ..\examples\locoGP\src\main\java\locogp\SortHeap.java:99 -> ..\examples\locoGP\src\main\java\locogp\SortHeap.java:295 |","true","true","-","-"
"53","locogp.SortHeap","BRANCH","1","12","8.5","36231","54","48","55","True","35","|","true","true","-","-"
"53","locogp.SortHeap","BRANCH","1","12","8.5","36231","54","48","55","True","35","| gin.edit.statement.SwapStatement ..\examples\locoGP\src\main\java\locogp\SortHeap.java:356 <-> ..\examples\locoGP\src\main\java\locogp\SortHeap.java:141 |","true","false","61397144670","-4295.8545"
"54","locogp.SortHeap","BRANCH","1","12","8.5","36231","54","48","55","True","77","| gin.edit.statement.DeleteStatement ..\examples\locoGP\src\main\java\locogp\SortHeap.java:324 |","true","true","-","-"
"54","locogp.SortHeap","BRANCH","1","12","8.5","36231","54","48","55","True","77","|","true","true","-","-"
"54","locogp.SortHeap","BRANCH","1","12","8.5","36231","54","48","55","True","77","| gin.edit.statement.DeleteStatement ..\examples\locoGP\src\main\java\locogp\SortHeap.java:174 |","true","false","-","-"
"54","locogp.SortHeap","BRANCH","1","12","8.5","36231","54","48","55","True","77","|","false","true","0","0.0"
"55","locogp.SortHeap","BRANCH","1","12","8.5","36231","54","48","55","True","23","| gin.edit.statement.CopyStatement ..\examples\locoGP\src\main\java\locogp\SortHeap.java:172 -> ..\examples\locoGP\src\main\java\locogp\SortHeap.java:280:281 |","true","false","-","-"
"55","locogp.SortHeap","BRANCH","1","12","8.5","36231","54","48","55","True","23","|","true","true","-","-"
"55","locogp.SortHeap","BRANCH","1","12","8.5","36231","54","48","55","True","23","| gin.edit.statement.DeleteStatement ..\examples\locoGP\src\main\java\locogp\SortHeap.java:195 |","true","true","-","-"
"55","locogp.SortHeap","BRANCH","1","12","8.5","36231","54","48","55","True","23","|","false","true","0","0.0"
"56","locogp.SortHeap","BRANCH","1","12","8.5","36231","54","48","55","True","90","| gin.edit.statement.SwapStatement ..\examples\locoGP\src\main\java\locogp\SortHeap.java:295 <-> ..\examples\locoGP\src\main\java\locogp\SortHeap.java:355 |","true","false","-","-"
"56","locogp.SortHeap","BRANCH","1","12","8.5","36231","54","48","55","True","90","|","true","true","-","-"
"56","locogp.SortHeap","BRANCH","1","12","8.5","36231","54","48","55","True","90","| gin.edit.statement.DeleteStatement ..\examples\locoGP\src\main\java\locogp\SortHeap.java:129 |","true","false","-","-"
"56","locogp.SortHeap","BRANCH","1","12","8.5","36231","54","48","55","True","90","|","true","true","-","-"
"56","locogp.SortHeap","BRANCH","1","12","8.5","36231","54","48","55","True","90","| gin.edit.statement.ReplaceStatement ..\examples\locoGP\src\main\java\locogp\SortHeap.java:113 -> ..\examples\locoGP\src\main\java\locogp\SortHeap.java:129 |","true","false","-","-"
"56","locogp.SortHeap","BRANCH","1","12","8.5","36231","54","48","55","True","90","|","true","true","-","-"
"56","locogp.SortHeap","BRANCH","1","12","8.5","36231","54","48","55","True","90","| gin.edit.statement.DeleteStatement ..\examples\locoGP\src\main\java\locogp\SortHeap.java:273 |","true","true","-","-"
"56","locogp.SortHeap","BRANCH","1","12","8.5","36231","54","48","55","True","90","|","false","true","0","0.0"
"57","locogp.SortHeap","BRANCH","1","12","8.5","36231","54","48","55","True","85","| gin.edit.statement.ReplaceStatement ..\examples\locoGP\src\main\java\locogp\SortHeap.java:114 -> ..\examples\locoGP\src\main\java\locogp\SortHeap.java:18 |","true","true","-","-"
"57","locogp.SortHeap","BRANCH","1","12","8.5","36231","54","48","55","True","85","|","true","true","-","-"
"57","locogp.SortHeap","BRANCH","1","12","8.5","36231","54","48","55","True","85","| gin.edit.statement.DeleteStatement ..\examples\locoGP\src\main\java\locogp\SortHeap.java:66 |","true","false","-","-"
"57","locogp.SortHeap","BRANCH","1","12","8.5","36231","54","48","55","True","85","|","true","true","-","-"
"57","locogp.SortHeap","BRANCH","1","12","8.5","36231","54","48","55","True","85","| gin.edit.statement.DeleteStatement ..\examples\locoGP\src\main\java\locogp\SortHeap.java:356 |","true","false","10062401999","1.2474681"
"58","locogp.SortHeap","BRANCH","1","12","8.5","36231","54","48","55","True","47","| gin.edit.statement.DeleteStatement ..\examples\locoGP\src\main\java\locogp\SortHeap.java:324 |","true","true","-","-"
"58","locogp.SortHeap","BRANCH","1","12","8.5","36231","54","48","55","True","47","|","false","true","0","0.0"
"59","locogp.SortHeap","BRANCH","1","12","8.5","36231","54","48","55","True","37","| gin.edit.statement.DeleteStatement ..\examples\locoGP\src\main\java\locogp\SortHeap.java:24 |","true","false","-","-"
"59","locogp.SortHeap","BRANCH","1","12","8.5","36231","54","48","55","True","37","|","true","true","-","-"
"59","locogp.SortHeap","BRANCH","1","12","8.5","36231","54","48","55","True","37","| gin.edit.statement.CopyStatement ..\examples\locoGP\src\main\java\locogp\SortHeap.java:295 -> ..\examples\locoGP\src\main\java\locogp\SortHeap.java:354:354 |","true","true","11102771809","-3.3343296"
"60","locogp.SortHeap","BRANCH","1","12","8.5","36231","54","48","55","True","37","| gin.edit.statement.DeleteStatement ..\examples\locoGP\src\main\java\locogp\SortHeap.java:24 |","true","false","-","-"
"60","locogp.SortHeap","BRANCH","1","12","8.5","36231","54","48","55","True","37","|","false","true","0","0.0"
